<?xml version="1.0"?>
<!--<!DOCTYPE metadata SYSTEM "http://www.esri.com/metadata/esriprof80.dtd">-->
<metadata xml:lang="fr"><Esri><CreaDate>20120907</CreaDate><CreaTime>09224700</CreaTime><SyncOnce>TRUE</SyncOnce><MetaID>{037C9DA8-3334-44C8-911E-222736E456B4}</MetaID></Esri><idinfo><citation><citeinfo><onlink Sync="TRUE">\\ECO-RES5\D$\R-Packages\KappaV\voro_shp\voro2</onlink></citeinfo></citation></idinfo><distInfo><distributor><distorTran><onLineSrc><linkage Sync="TRUE">file://\\ECO-RES5\D$\R-Packages\KappaV\voro_shp\voro2</linkage><protocol Sync="TRUE">Local Area Network</protocol></onLineSrc></distorTran></distributor></distInfo><dataqual><lineage><procstep><procdesc Sync="TRUE">Dataset copied.</procdesc><srcused Sync="TRUE">C:\Users\vincent.bonhomme\Desktop\voro\voro2</srcused><procdate Sync="TRUE">20120907</procdate><proctime Sync="TRUE">09224700</proctime></procstep></lineage></dataqual></metadata>
