<?xml version="1.0"?>
<!--<!DOCTYPE metadata SYSTEM "http://www.esri.com/metadata/esriprof80.dtd">-->
<metadata xml:lang="fr"><Esri><CreaDate>20120906</CreaDate><CreaTime>17130400</CreaTime><SyncOnce>TRUE</SyncOnce><MetaID>{205170DD-D6C9-4EBA-A1C4-0C336F6565B4}</MetaID></Esri><idinfo><citation><citeinfo><onlink Sync="TRUE">\\ECO-RES5\D$\R-Packages\KappaV\voro_shp\voroUnit2</onlink></citeinfo></citation></idinfo><distInfo><distributor><distorTran><onLineSrc><linkage Sync="TRUE">file://\\ECO-RES5\D$\R-Packages\KappaV\voro_shp\voroUnit2</linkage><protocol Sync="TRUE">Local Area Network</protocol></onLineSrc></distorTran></distributor></distInfo><dataqual><lineage><procstep><procdesc Sync="TRUE">Dataset copied.</procdesc><srcused Sync="TRUE">C:\Users\vincent.bonhomme\Desktop\voro\voroUnit2</srcused><procdate Sync="TRUE">20120906</procdate><proctime Sync="TRUE">17130400</proctime></procstep></lineage></dataqual></metadata>
